wheelbase,carlength,carwidth,curbweight,enginesize,boreratio,horsepower,citympg,highwaympg,price,fueltype_diesel,fueltype_gas,aspiration_std,aspiration_turbo,doornumber_four,doornumber_two,carbody_convertible,carbody_hardtop,carbody_hatchback,carbody_sedan,carbody_wagon,drivewheel_4wd,drivewheel_fwd,drivewheel_rwd,enginetype_dohc,enginetype_dohcv,enginetype_l,enginetype_ohc,enginetype_ohcf,enginetype_ohcv,enginetype_rotor,cylindernumber_eight,cylindernumber_five,cylindernumber_four,cylindernumber_six,cylindernumber_three,cylindernumber_twelve,cylindernumber_two,fuelsystem_1bbl,fuelsystem_2bbl,fuelsystem_4bbl,fuelsystem_idi,fuelsystem_mfi,fuelsystem_mpfi,fuelsystem_spdi,fuelsystem_spfi
-1.6907718018201774,-0.42652146835701304,-0.8447823517277104,-0.014566282137926123,0.0744489251157203,0.5190713849456007,0.17448277916253407,-0.6465530277621856,-0.5460587369032711,13495.0,False,True,True,False,False,True,True,False,False,False,False,False,False,True,True,False,False,False,False,False,False,False,False,True,False,False,False,False,False,False,False,False,False,True,False,False
-1.6907718018201774,-0.42652146835701304,-0.8447823517277104,-0.014566282137926123,0.0744489251157203,0.5190713849456007,0.17448277916253407,-0.6465530277621856,-0.5460587369032711,16500.0,False,True,True,False,False,True,True,False,False,False,False,False,False,True,True,False,False,False,False,False,False,False,False,True,False,False,False,False,False,False,False,False,False,True,False,False
-0.7085958764076113,-0.23151304680543727,-0.19056612143668694,0.5148819161377617,0.6040461684467903,-2.404880294774036,1.2645364278639772,-0.9530116883199847,-0.6916270607851575,16500.0,False,True,True,False,False,True,False,False,True,False,False,False,False,True,False,False,False,False,False,True,False,False,False,False,True,False,False,False,False,False,False,False,False,True,False,False
0.17369775150537034,0.2072559016856128,0.1365419937088248,-0.4207974451785447,-0.43107571624575564,-0.5172659192588284,-0.05366798451916333,-0.18686503692548712,-0.10935376525761202,13950.0,False,True,True,False,True,False,False,False,False,True,False,False,True,False,False,False,False,True,False,False,False,False,False,True,False,False,False,False,False,False,False,False,False,True,False,False
0.1071095531723165,0.2072559016856128,0.23000145517897197,0.5168071823133096,0.21888453693328483,-0.5172659192588284,0.2758831185766218,-1.1062410185988842,-1.273900356312703,17450.0,False,True,True,False,True,False,False,False,False,True,False,True,False,False,False,False,False,True,False,False,False,False,True,False,False,False,False,False,False,False,False,False,False,True,False,False
0.17369775150537034,0.26413335797149096,0.18327172444389506,-0.0935021953353923,0.21888453693328483,-0.5172659192588284,0.14913269430901213,-0.9530116883199847,-0.8371953846670438,15250.0,False,True,True,False,False,True,False,False,False,True,False,False,True,False,False,False,False,True,False,False,False,False,True,False,False,False,False,False,False,False,False,False,False,True,False,False
1.1725207265011992,1.5154373962607788,2.566487991932618,0.5553125058242687,0.21888453693328483,-0.5172659192588284,0.14913269430901213,-0.9530116883199847,-0.8371953846670438,17710.0,False,True,True,False,True,False,False,False,False,True,False,False,True,False,False,False,False,True,False,False,False,False,True,False,False,False,False,False,False,False,False,False,False,True,False,False
1.1725207265011992,1.5154373962607788,2.566487991932618,0.7670917851345438,0.21888453693328483,-0.5172659192588284,0.14913269430901213,-0.9530116883199847,-0.8371953846670438,18920.0,False,True,True,False,True,False,False,False,False,False,True,False,True,False,False,False,False,True,False,False,False,False,True,False,False,False,False,False,False,False,False,False,False,True,False,False
1.1725207265011992,1.5154373962607788,2.566487991932618,1.021226920306874,0.09852152708531438,-0.7393381987312061,0.9096352399146702,-1.2594703488777836,-1.5650370040764756,23875.0,False,True,False,True,True,False,False,False,False,True,False,False,True,False,False,False,False,True,False,False,False,False,True,False,False,False,False,False,False,False,False,False,False,True,False,False
0.12375660275557937,0.3372615160533307,0.9309474162050657,0.9576931365137914,0.09852152708531438,-0.7393381987312061,1.4166369369851088,-1.4126996791566833,-1.273900356312703,17859.167,False,True,False,True,False,True,False,False,True,False,False,True,False,False,False,False,False,True,False,False,False,False,True,False,False,False,False,False,False,False,False,False,False,True,False,False
0.40675644567106467,0.22350660348157897,-0.5176742365821987,-0.3091320069967633,-0.45514831821534973,0.6301075246817887,-0.07901806937268527,-0.3400943672043866,-0.2549220891394984,16430.0,False,True,True,False,False,True,False,False,False,True,False,False,False,True,False,False,False,True,False,False,False,False,False,True,False,False,False,False,False,False,False,False,False,True,False,False
0.40675644567106467,0.22350660348157897,-0.5176742365821987,-0.3091320069967633,-0.45514831821534973,0.6301075246817887,-0.07901806937268527,-0.3400943672043866,-0.2549220891394984,16925.0,False,True,True,False,True,False,False,False,False,True,False,False,False,True,False,False,False,True,False,False,False,False,False,True,False,False,False,False,False,False,False,False,False,True,False,False
0.40675644567106467,0.22350660348157897,-0.5176742365821987,0.29732683830084267,0.8929173920819194,-0.07312136031407311,0.42798362769775344,-0.6465530277621856,-0.4004904130213847,20970.0,False,True,True,False,False,True,False,False,False,True,False,False,False,True,False,False,False,True,False,False,False,False,False,False,True,False,False,False,False,False,False,False,False,True,False,False
0.40675644567106467,0.22350660348157897,-0.5176742365821987,0.4032164779559802,0.8929173920819194,-0.07312136031407311,0.42798362769775344,-0.6465530277621856,-0.4004904130213847,21105.0,False,True,True,False,True,False,False,False,False,True,False,False,False,True,False,False,False,True,False,False,False,False,False,False,True,False,False,False,False,False,False,False,False,True,False,False
0.7896385860861319,1.214799413035431,0.46365010885433655,0.9615436688648873,0.8929173920819194,-0.07312136031407311,0.42798362769775344,-0.7997823580410852,-0.8371953846670438,24565.0,False,True,True,False,True,False,False,False,False,True,False,False,False,True,False,False,False,True,False,False,False,False,False,False,True,False,False,False,False,False,False,False,False,True,False,False
0.7896385860861319,1.214799413035431,0.46365010885433655,1.2984652495857796,1.9761844807136535,1.074252083626544,1.9743388037625915,-1.4126996791566833,-1.273900356312703,30760.0,False,True,True,False,True,False,False,False,False,True,False,False,False,True,False,False,False,True,False,False,False,False,False,False,True,False,False,False,False,False,False,False,False,True,False,False
0.7896385860861319,1.604816256138587,0.9309474162050657,1.587255175917973,1.9761844807136535,1.074252083626544,1.9743388037625915,-1.4126996791566833,-1.273900356312703,41315.0,False,True,True,False,False,True,False,False,False,True,False,False,False,True,False,False,False,True,False,False,False,False,False,False,True,False,False,False,False,False,False,False,False,True,False,False
1.87169680899828,1.864827484874023,2.332839338257253,1.8279134478614674,1.9761844807136535,1.074252083626544,1.9743388037625915,-1.5659290094355827,-1.5650370040764756,36880.0,False,True,True,False,True,False,False,False,False,True,False,False,False,True,False,False,False,True,False,False,False,False,False,False,True,False,False,False,False,False,False,False,False,True,False,False
-1.724065900986703,-2.677243667098139,-2.62051211966048,-2.055348428218759,-1.586560610786272,-1.5536032234632557,-1.4225725666093478,3.3374095594892017,3.238717684025774,5151.0,False,True,True,False,False,True,False,False,True,False,False,False,True,False,False,False,True,False,False,False,False,False,False,False,False,True,False,False,False,True,False,False,False,False,False,False
-0.7085958764076113,-1.4746917341967432,-1.0784310054030717,-1.3121956844572482,-0.8884551536680434,-1.1094586645185023,-0.8648706998318653,1.958345586979106,1.7830344452069105,6295.0,False,True,True,False,False,True,False,False,True,False,False,False,True,False,False,False,False,True,False,False,False,False,False,True,False,False,False,False,False,True,False,False,False,False,False,False
-0.7085958764076113,-1.239056558155253,-1.0784310054030717,-1.2448113683130697,-0.8884551536680434,-1.1094586645185023,-0.8648706998318653,1.958345586979106,1.7830344452069105,6575.0,False,True,True,False,True,False,False,False,False,True,False,False,True,False,False,False,False,True,False,False,False,False,False,True,False,False,False,False,False,True,False,False,False,False,False,False
-0.8417722730737214,-1.360936821624989,-0.9849715439329279,-1.3083451521061522,-0.8884551536680434,-1.3315309439908782,-0.9155708695389091,1.8051162567002066,1.4918977974431378,5572.0,False,True,True,False,False,True,False,False,True,False,False,False,True,False,False,False,False,True,False,False,False,False,False,True,False,False,False,False,False,True,False,False,False,False,False,False
-0.8417722730737214,-1.360936821624989,-0.9849715439329279,-1.3083451521061522,-0.8884551536680434,-1.3315309439908782,-0.9155708695389091,0.8857402750268095,1.0551928257974788,6377.0,False,True,True,False,False,True,False,False,True,False,False,False,True,False,False,False,False,True,False,False,False,False,False,True,False,False,False,False,False,True,False,False,False,False,False,False
-0.8417722730737214,-1.360936821624989,-0.9849715439329279,-0.8231780758680675,-0.6958743379112906,-1.1094586645185023,-0.05366798451916333,-0.18686503692548712,-0.10935376525761202,7957.0,False,True,False,True,False,True,False,False,True,False,False,False,True,False,False,False,False,True,False,False,False,False,False,True,False,False,False,False,False,False,False,False,False,True,False,False
-0.8417722730737214,-1.360936821624989,-0.9849715439329279,-1.1331459301312883,-0.8884551536680434,-1.3315309439908782,-0.9155708695389091,0.8857402750268095,1.0551928257974788,6229.0,False,True,True,False,True,False,False,False,True,False,False,False,True,False,False,False,False,True,False,False,False,False,False,True,False,False,False,False,False,True,False,False,False,False,False,False
-0.8417722730737214,-1.360936821624989,-0.9849715439329279,-1.0907900742692331,-0.8884551536680434,-1.3315309439908782,-0.9155708695389091,0.8857402750268095,1.0551928257974788,6692.0,False,True,True,False,True,False,False,False,False,True,False,False,True,False,False,False,False,True,False,False,False,False,False,True,False,False,False,False,False,True,False,False,False,False,False,False
-0.8417722730737214,-1.360936821624989,-0.9849715439329279,-1.0907900742692331,-0.8884551536680434,-1.3315309439908782,-0.9155708695389091,0.8857402750268095,1.0551928257974788,7609.0,False,True,True,False,True,False,False,False,False,True,False,False,True,False,False,False,False,True,False,False,False,False,False,True,False,False,False,False,False,True,False,False,False,False,False,False
-0.8417722730737214,-1.360936821624989,-0.9849715439329279,-0.7018863068085462,-0.6958743379112906,-1.1094586645185023,-0.05366798451916333,-0.18686503692548712,-0.10935376525761202,8558.0,False,True,False,True,False,True,False,False,False,True,False,False,True,False,False,False,False,True,False,False,False,False,False,True,False,False,False,False,False,False,False,False,False,True,False,False
0.7563444869196039,0.04474888372596479,-0.6111336980523459,-0.039594742420049546,-0.11813189064103245,0.0379147794221149,-0.4085691724684704,-0.18686503692548712,-0.10935376525761202,8921.0,False,True,True,False,True,False,False,False,False,False,True,False,True,False,False,False,False,True,False,False,False,False,False,True,False,False,False,False,False,True,False,False,False,False,False,False
-0.475537182241917,-0.06900602884578928,0.18327172444389506,0.49177872203118617,0.7003365763251667,1.0002279904690847,1.03638566418228,-0.9530116883199847,-0.9827637085489301,12964.0,False,True,False,True,False,True,False,False,True,False,False,False,True,False,False,False,False,True,False,False,False,False,False,True,False,False,False,False,False,False,False,False,True,False,False,False
-2.0237127934854535,-2.3928563856687552,-0.9382418131978543,-1.622163538720469,-0.8403099497288552,-1.5536032234632557,-1.1690717180741284,3.643868220047001,3.3842860079076607,6479.0,False,True,True,False,False,True,False,False,True,False,False,False,True,False,False,False,False,True,False,False,False,False,False,True,False,False,False,False,True,False,False,False,False,False,False,False
-2.0237127934854535,-2.3928563856687552,-0.9382418131978543,-1.4180853241123856,-0.8403099497288552,-1.5536032234632557,-0.7127701907107337,0.8857402750268095,1.0551928257974788,6855.0,False,True,True,False,False,True,False,False,True,False,False,False,True,False,False,False,False,True,False,False,False,False,False,True,False,False,False,False,True,False,False,False,False,False,False,False
-0.8417722730737214,-1.9540874371777053,-0.8915120824627807,-1.3834305329525225,-1.1532537753335783,-1.5536032234632557,-1.1183715483670846,1.958345586979106,1.6374661213250241,5399.0,False,True,True,False,False,True,False,False,True,False,False,False,True,False,False,False,False,True,False,False,False,False,False,True,False,False,False,False,True,False,False,False,False,False,False,False
-0.8417722730737214,-1.9540874371777053,-0.8915120824627807,-1.185128116871083,-0.8403099497288552,-1.5536032234632557,-0.7127701907107337,0.73251094474791,0.4729195302699334,6529.0,False,True,True,False,False,True,False,False,True,False,False,False,True,False,False,False,False,True,False,False,False,False,False,True,False,False,False,False,True,False,False,False,False,False,False,False
-0.8417722730737214,-1.9540874371777053,-0.8915120824627807,-1.1543238580623159,-0.8403099497288552,-1.5536032234632557,-0.7127701907107337,0.73251094474791,0.4729195302699334,7129.0,False,True,True,False,False,True,False,False,True,False,False,False,True,False,False,False,False,True,False,False,False,False,False,True,False,False,False,False,True,False,False,False,False,False,False,False
-0.37565488474233505,-0.8652904168480631,-0.8915120824627807,-1.0503594845827262,-0.8403099497288552,-1.5536032234632557,-0.7127701907107337,0.73251094474791,0.4729195302699334,7295.0,False,True,True,False,True,False,False,False,False,True,False,False,True,False,False,False,False,True,False,False,False,False,False,True,False,False,False,False,True,False,False,False,False,False,False,False
-0.37565488474233505,-1.3771875234209552,-0.9382418131978543,-1.0234057581250549,-0.8403099497288552,-1.516591176884527,-0.7127701907107337,0.73251094474791,0.4729195302699334,7295.0,False,True,True,False,True,False,False,False,False,False,True,False,True,False,False,False,False,True,False,False,False,False,False,True,False,False,False,False,True,False,False,False,False,False,False,False
-0.37565488474233505,-0.5321510300307851,-0.33075531364190436,-0.6152493289088883,-0.40700311427616154,-0.6653141055737468,-0.4592693421755143,0.2728229539112114,0.32735120638804704,7895.0,False,True,True,False,False,True,False,False,True,False,False,False,True,False,False,False,False,True,False,False,False,False,False,True,False,False,False,False,True,False,False,False,False,False,False,False
-0.37565488474233505,-0.5321510300307851,-0.33075531364190436,-0.5132102216048466,-0.40700311427616154,-0.6653141055737468,-0.4592693421755143,0.2728229539112114,0.32735120638804704,9095.0,False,True,True,False,False,True,False,False,True,False,False,False,True,False,False,False,False,True,False,False,False,False,False,True,False,False,False,False,True,False,False,False,False,False,False,False
-0.37565488474233505,0.10975169090982491,-0.33075531364190436,-0.4843312289716273,-0.40700311427616154,-0.6653141055737468,-0.4592693421755143,0.2728229539112114,0.32735120638804704,8845.0,False,True,True,False,True,False,False,False,False,True,False,False,True,False,False,False,False,True,False,False,False,False,False,True,False,False,False,False,True,False,False,False,False,False,False,False
-0.37565488474233505,0.10975169090982491,-1.5924580434888744,-0.3534131290343663,-0.40700311427616154,-0.6653141055737468,-0.4592693421755143,0.2728229539112114,0.32735120638804704,10295.0,False,True,True,False,True,False,False,False,False,True,False,False,True,False,False,False,False,True,False,False,False,False,False,True,False,False,False,False,True,False,False,False,False,False,False,False
-0.37565488474233505,0.10975169090982491,-0.33075531364190436,-0.17436337470840643,-0.40700311427616154,-0.6653141055737468,-0.07901806937268527,-0.18686503692548712,-0.4004904130213847,12945.0,False,True,True,False,True,False,False,False,False,True,False,False,True,False,False,False,False,True,False,False,False,False,False,True,False,False,False,False,False,False,False,False,False,True,False,False
-0.37565488474233505,-0.4021454156630672,0.04308253223867764,-0.5055091569026547,-0.40700311427616154,-0.6653141055737468,-0.1043681542262072,-0.03363570664658759,0.03621455862427433,10345.0,False,True,True,False,False,True,False,False,False,True,False,False,True,False,False,False,False,True,False,False,False,False,False,True,False,False,False,False,False,True,False,False,False,False,False,False
-0.7418899755741394,-0.27213980129534926,-1.9195661586343862,-0.4207974451785447,-0.38293051230656744,-0.07312136031407311,-0.6620700210036897,-0.18686503692548712,-0.2549220891394984,6785.0,False,True,True,False,True,False,False,False,False,True,False,False,False,True,False,False,False,True,False,False,False,False,False,True,False,False,False,False,False,True,False,False,False,False,False,False
-0.7085958764076113,-1.4746917341967432,-1.0784310054030717,-1.3121956844572482,-0.8884551536680434,-1.1094586645185023,-0.8648706998318653,1.958345586979106,1.7830344452069105,8916.5,False,True,True,False,False,True,False,False,False,True,False,False,True,False,False,False,False,True,False,False,False,False,False,True,False,False,False,False,False,True,False,False,False,False,False,False
-0.7085958764076113,-1.4746917341967432,-1.0784310054030717,-1.2448113683130697,-0.8884551536680434,-1.1094586645185023,-0.8648706998318653,1.958345586979106,1.7830344452069105,8916.5,False,True,True,False,True,False,False,False,False,True,False,False,True,False,False,False,False,True,False,False,False,False,False,True,False,False,False,False,False,True,False,False,False,False,False,False
-0.45889013265865414,-0.11775813423368321,-0.33075531364190436,0.3435332265139936,-0.19034969654981473,0.3710231986306822,-0.3578690027614265,-0.18686503692548712,-0.2549220891394984,11048.0,False,True,True,False,False,True,False,False,True,False,False,False,False,True,False,False,False,True,False,False,False,False,False,True,False,False,False,False,False,False,False,False,False,False,False,True
2.3711082964961943,2.0760866082215648,1.7253528387013,2.9079877723438705,3.155741977223764,1.1112641302052728,1.8222382946414597,-1.5659290094355827,-1.710605327958362,32250.0,False,True,True,False,True,False,False,False,False,True,False,False,False,True,True,False,False,False,False,False,False,False,False,False,True,False,False,False,False,False,False,False,False,True,False,False
2.3711082964961943,2.0760866082215648,1.7253528387013,2.9079877723438705,3.155741977223764,1.1112641302052728,1.8222382946414597,-1.5659290094355827,-1.710605327958362,35550.0,False,True,True,False,True,False,False,False,False,True,False,False,False,True,True,False,False,False,False,False,False,False,False,False,True,False,False,False,False,False,False,False,False,True,False,False
0.5399328423371748,1.4341838872809547,2.192650146052029,2.6846568959803077,4.7926789111561625,0.7781557109967071,4.002345592044346,-1.8723876699933817,-2.0017419757221346,36000.0,False,True,True,False,False,True,False,False,False,True,False,False,False,True,False,False,False,False,False,True,False,False,False,False,False,False,True,False,False,False,False,False,False,True,False,False
-0.9416545705733057,-1.2146805054613072,-0.7980526209926335,-1.2813914256484809,-0.8643825516984494,-1.1094586645185023,-0.9155708695389091,0.73251094474791,0.03621455862427433,5195.0,False,True,True,False,False,True,False,False,True,False,False,False,True,False,False,False,False,True,False,False,False,False,False,True,False,False,False,False,False,True,False,False,False,False,False,False
-0.9416545705733057,-1.2146805054613072,-0.7980526209926335,-1.2621387638930013,-0.8643825516984494,-1.1094586645185023,-0.9155708695389091,0.8857402750268095,1.0551928257974788,6095.0,False,True,True,False,False,True,False,False,True,False,False,False,True,False,False,False,False,True,False,False,False,False,False,True,False,False,False,False,False,True,False,False,False,False,False,False
-0.9416545705733057,-1.2146805054613072,-0.7980526209926335,-1.2525124330152615,-0.8643825516984494,-1.1094586645185023,-0.9155708695389091,0.8857402750268095,1.0551928257974788,6795.0,False,True,True,False,False,True,False,False,True,False,False,False,True,False,False,False,False,True,False,False,False,False,False,True,False,False,False,False,False,True,False,False,False,False,False,False
-0.9416545705733057,-0.589028486316661,-0.7980526209926335,-1.1755017859933432,-0.8643825516984494,-1.1094586645185023,-0.9155708695389091,0.8857402750268095,1.0551928257974788,6695.0,False,True,True,False,True,False,False,False,False,True,False,False,True,False,False,False,False,True,False,False,False,False,False,True,False,False,False,False,False,True,False,False,False,False,False,False
-0.9416545705733057,-0.589028486316661,-0.7980526209926335,-1.1658754551156034,-0.8643825516984494,-0.9243984316248534,-0.9155708695389091,0.8857402750268095,1.0551928257974788,7395.0,False,True,True,False,True,False,False,False,False,True,False,False,True,False,False,False,False,True,False,False,False,False,False,True,False,False,False,False,False,True,False,False,False,False,False,False
-0.5754194797415013,-0.41027076656104916,-0.09710665996653978,-0.33801099962998266,-1.3699071930599251,0.0009027328433861145,-0.07901806937268527,-1.2594703488777836,-1.1283320324308166,10945.0,False,True,True,False,False,True,False,False,True,False,False,False,False,True,False,False,False,False,False,False,True,False,False,False,False,False,False,True,False,False,True,False,False,False,False,False
-0.5754194797415013,-0.41027076656104916,-0.09710665996653978,-0.33801099962998266,-1.3699071930599251,0.0009027328433861145,-0.07901806937268527,-1.2594703488777836,-1.1283320324308166,11845.0,False,True,True,False,False,True,False,False,True,False,False,False,False,True,False,False,False,False,False,False,True,False,False,False,False,False,False,True,False,False,True,False,False,False,False,False
-0.5754194797415013,-0.41027076656104916,-0.09710665996653978,-0.32838466875224287,-1.3699071930599251,0.0009027328433861145,-0.07901806937268527,-1.2594703488777836,-1.1283320324308166,13645.0,False,True,True,False,False,True,False,False,True,False,False,False,False,True,False,False,False,False,False,False,True,False,False,False,False,False,False,True,False,False,True,False,False,False,False,False
-0.5754194797415013,-0.41027076656104916,-0.09710665996653978,-0.10697905856422799,-1.1291811733639843,0.0009027328433861145,0.7828848156470605,-1.4126996791566833,-1.1283320324308166,15645.0,False,True,True,False,False,True,False,False,True,False,False,False,False,True,False,False,False,False,False,False,True,False,False,False,False,False,False,True,False,False,False,False,False,True,False,False
0.007227255672732204,0.304760112461403,0.2767311859140422,-0.32838466875224287,-0.11813189064103245,0.22297501231576378,-0.5099695118825581,0.11959362363231192,0.18178288250616068,8845.0,False,True,True,False,False,True,False,False,True,False,False,False,True,False,False,False,False,True,False,False,False,False,False,True,False,False,False,False,False,True,False,False,False,False,False,False
0.007227255672732204,0.304760112461403,0.2767311859140422,-0.280253014363544,-0.11813189064103245,0.22297501231576378,-0.5099695118825581,0.11959362363231192,0.18178288250616068,8495.0,False,True,True,False,True,False,False,False,False,True,False,False,True,False,False,False,False,True,False,False,False,False,False,True,False,False,False,False,False,True,False,False,False,False,False,False
0.007227255672732204,0.304760112461403,0.2767311859140422,-0.32838466875224287,-0.11813189064103245,0.22297501231576378,-0.5099695118825581,0.11959362363231192,0.18178288250616068,10595.0,False,True,True,False,False,True,False,False,True,False,False,False,True,False,False,False,False,True,False,False,False,False,False,True,False,False,False,False,False,True,False,False,False,False,False,False
0.007227255672732204,0.304760112461403,0.2767311859140422,-0.280253014363544,-0.11813189064103245,0.22297501231576378,-0.5099695118825581,0.11959362363231192,0.18178288250616068,10245.0,False,True,True,False,True,False,False,False,False,True,False,False,True,False,False,False,False,True,False,False,False,False,False,True,False,False,False,False,False,True,False,False,False,False,False,False
0.007227255672732204,0.304760112461403,0.2767311859140422,-0.21671923057046144,-0.11813189064103245,0.22297501231576378,-1.0169712089529968,1.651886926421307,1.6374661213250241,10795.0,True,False,True,False,True,False,False,False,False,True,False,False,True,False,False,False,False,True,False,False,False,False,False,True,False,False,False,False,False,False,False,True,False,False,False,False
0.007227255672732204,0.304760112461403,0.2767311859140422,-0.25137402173032464,-0.11813189064103245,0.22297501231576378,-0.5099695118825581,0.11959362363231192,0.18178288250616068,11245.0,False,True,True,False,True,False,False,False,True,False,False,False,True,False,False,False,False,True,False,False,False,False,False,True,False,False,False,False,False,True,False,False,False,False,False,False
1.0226972802518264,0.07725028731789485,0.0898122629737479,0.22031619127892443,0.3151749448116612,1.5924207357287568,0.4026335428442315,-0.9530116883199847,-0.5460587369032711,18280.0,False,True,True,False,True,False,False,False,False,True,False,False,False,True,False,False,False,True,False,False,False,False,False,True,False,False,False,False,False,False,False,False,False,True,False,False
1.0226972802518264,0.07725028731789485,0.0898122629737479,0.2780741765453631,0.17073933299409666,0.3710231986306822,-0.8141705301248213,0.8857402750268095,1.200761149679365,18344.0,True,False,True,False,True,False,False,False,False,True,False,False,False,True,False,False,False,True,False,False,False,False,False,True,False,False,False,False,False,False,False,True,False,False,False,False
1.87169680899828,1.369181080097097,2.0524609538468117,1.847166109616947,1.3502968295042073,0.9262038973116256,0.4786837974047973,-0.49332369748328614,-0.8371953846670438,25552.0,True,False,False,True,True,False,False,False,False,True,False,False,False,True,False,False,False,True,False,False,False,False,True,False,False,False,False,False,False,False,False,True,False,False,False,False
1.87169680899828,1.369181080097097,2.0524609538468117,2.299603660870716,1.3502968295042073,0.9262038973116256,0.4786837974047973,-0.49332369748328614,-0.8371953846670438,28248.0,True,False,False,True,True,False,False,False,False,False,True,False,False,True,False,False,False,True,False,False,False,False,True,False,False,False,False,False,False,False,False,True,False,False,False,False
1.3223441727505745,1.092919149565695,2.0524609538468117,1.8086607861059878,1.3502968295042073,0.9262038973116256,0.4786837974047973,-0.49332369748328614,-0.8371953846670438,28176.0,True,False,False,True,False,True,False,True,False,False,False,False,False,True,False,False,False,True,False,False,False,False,True,False,False,False,False,False,False,False,False,True,False,False,False,False
2.8039315856610525,2.319847135161037,2.706677184137835,2.3381089843816754,1.3502968295042073,0.9262038973116256,0.4786837974047973,-0.49332369748328614,-0.8371953846670438,31600.0,True,False,False,True,True,False,False,False,False,True,False,False,False,True,False,False,False,True,False,False,False,False,True,False,False,False,False,False,False,False,False,True,False,False,False,False
2.8039315856610525,2.319847135161037,2.706677184137835,2.2803509991152366,2.5779995299535057,0.4820593383668702,1.2898865127174992,-1.4126996791566833,-1.8561736518402483,34184.0,False,True,True,False,True,False,False,False,False,True,False,False,False,True,False,False,False,False,False,True,False,True,False,False,False,False,False,False,False,False,False,False,False,True,False,False
-0.3590078351590722,0.507893884910963,2.145920415316959,2.1744613594600994,2.5779995299535057,0.4820593383668702,1.2898865127174992,-1.4126996791566833,-1.8561736518402483,35056.0,False,True,True,False,False,True,True,False,False,False,False,False,False,True,False,False,False,False,False,True,False,True,False,False,False,False,False,False,False,False,False,False,False,True,False,False
3.6862252135740365,2.766741434550069,2.706677184137835,2.58839358720291,4.359372075703469,1.7404689220436753,2.0250389734696355,-1.7191583397144823,-2.1473102996040208,40960.0,False,True,True,False,True,False,False,False,False,True,False,False,False,True,False,False,False,False,False,True,False,True,False,False,False,False,False,False,False,False,False,False,False,True,False,False
2.2046378006635563,2.0435852046296348,2.8468663763430526,2.2322193447265377,4.263081667825093,1.7404689220436753,2.0250389734696355,-1.7191583397144823,-2.1473102996040208,45400.0,False,True,True,False,False,True,False,True,False,False,False,False,False,True,False,False,False,False,False,True,False,True,False,False,False,False,False,False,False,False,False,False,False,True,False,False
0.6564621894200219,0.35351221784929693,0.977677146940136,0.6823800734104337,0.3151749448116612,1.6664448288862161,1.796888209787938,-0.9530116883199847,-0.9827637085489301,16503.0,False,True,False,True,False,True,False,False,True,False,False,False,False,True,False,False,False,True,False,False,False,False,False,True,False,False,False,False,False,False,False,False,False,True,False,False
-0.8417722730737214,-1.360936821624989,-0.7045931595224864,-1.2274839727331381,-0.8403099497288552,-1.3315309439908782,-0.9155708695389091,1.8051162567002066,1.4918977974431378,5389.0,False,True,True,False,False,True,False,False,True,False,False,False,True,False,False,False,False,True,False,False,False,False,False,True,False,False,False,False,False,True,False,False,False,False,False,False
-0.8417722730737214,-1.360936821624989,-0.7045931595224864,-1.1774270521688912,-0.8403099497288552,-1.3315309439908782,-0.9155708695389091,0.8857402750268095,1.0551928257974788,6189.0,False,True,True,False,False,True,False,False,True,False,False,False,True,False,False,False,False,True,False,False,False,False,False,True,False,False,False,False,False,True,False,False,False,False,False,False
-0.8417722730737214,-1.360936821624989,-0.7045931595224864,-1.061911081636014,-0.8403099497288552,-1.3315309439908782,-0.9155708695389091,0.8857402750268095,1.0551928257974788,6669.0,False,True,True,False,False,True,False,False,True,False,False,False,True,False,False,False,False,True,False,False,False,False,False,True,False,False,False,False,False,True,False,False,False,False,False,False
-0.9583016201565685,-1.360936821624989,-0.9849715439329279,-0.7904485508837522,-0.6958743379112906,-1.1094586645185023,-0.05366798451916333,-0.18686503692548712,-0.10935376525761202,7689.0,False,True,False,True,False,True,False,False,True,False,False,False,True,False,False,False,False,True,False,False,False,False,False,True,False,False,False,False,False,False,False,False,False,False,True,False
-0.40894898390886314,-0.08525673064175315,-0.2372958521717572,-0.3572636613854622,-0.40700311427616154,-0.5912900124162876,0.30123320343014376,-0.3400943672043866,-0.10935376525761202,9959.0,False,True,False,True,False,True,False,False,True,False,False,False,True,False,False,False,False,True,False,False,False,False,False,True,False,False,False,False,False,False,False,False,False,False,True,False
-0.40894898390886314,-0.08525673064175315,-0.2372958521717572,-0.43812484075847635,-0.11813189064103245,0.07492682600084534,-0.4085691724684704,-0.03363570664658759,0.18178288250616068,8499.0,False,True,True,False,False,True,False,False,True,False,False,False,True,False,False,False,False,True,False,False,False,False,False,True,False,False,False,False,False,True,False,False,False,False,False,False
-0.475537182241917,-0.06900602884578928,0.18327172444389506,0.5341345778932411,0.7003365763251667,0.9262038973116256,1.03638566418228,-0.9530116883199847,-0.9827637085489301,12629.0,False,True,False,True,False,True,False,False,True,False,False,False,True,False,False,False,False,True,False,False,False,False,False,True,False,False,False,False,False,False,False,False,False,False,True,False
-0.475537182241917,-0.06900602884578928,0.18327172444389506,0.7035580013414613,0.7003365763251667,0.9632159438903544,1.03638566418228,-0.9530116883199847,-0.9827637085489301,14869.0,False,True,False,True,False,True,False,False,True,False,False,False,True,False,False,False,False,True,False,False,False,False,False,True,False,False,False,False,False,False,False,False,False,False,True,False
-0.475537182241917,-0.06900602884578928,0.18327172444389506,0.7131843322192011,0.7003365763251667,0.9632159438903544,1.03638566418228,-0.9530116883199847,-0.9827637085489301,14489.0,False,True,False,True,False,True,False,False,True,False,False,False,True,False,False,False,False,True,False,False,False,False,False,True,False,False,False,False,False,False,False,False,False,False,True,False
-0.40894898390886314,-0.13400883602964708,-0.2372958521717572,-0.36688999226320196,-0.11813189064103245,0.07492682600084534,-0.4085691724684704,-0.03363570664658759,0.18178288250616068,6989.0,False,True,True,False,True,False,False,False,False,True,False,False,True,False,False,False,False,True,False,False,False,False,False,True,False,False,False,False,False,True,False,False,False,False,False,False
-0.40894898390886314,-0.13400883602964708,-0.2372958521717572,-0.2898793452412838,-0.11813189064103245,0.07492682600084534,-0.4085691724684704,-0.03363570664658759,0.18178288250616068,8189.0,False,True,True,False,True,False,False,False,False,True,False,False,True,False,False,False,False,True,False,False,False,False,False,True,False,False,False,False,False,True,False,False,False,False,False,False
-0.40894898390886314,-0.13400883602964708,-0.2372958521717572,-0.2937298775923797,-0.40700311427616154,-0.5912900124162876,0.30123320343014376,-0.3400943672043866,-0.10935376525761202,9279.0,False,True,False,True,True,False,False,False,False,True,False,False,True,False,False,False,False,True,False,False,False,False,False,True,False,False,False,False,False,False,False,False,False,False,True,False
-0.40894898390886314,-0.13400883602964708,-0.2372958521717572,-0.2937298775923797,-0.40700311427616154,-0.5912900124162876,0.30123320343014376,-0.3400943672043866,-0.10935376525761202,9279.0,False,True,True,False,True,False,False,False,False,True,False,False,True,False,False,False,False,True,False,False,False,False,False,True,False,False,False,False,False,False,False,False,False,False,True,False
-0.7085958764076113,-0.7109087497863971,-0.9849715439329279,-1.2833166918240289,-0.7199469398808848,-0.6653141055737468,-0.8902207846853871,0.8857402750268095,0.9096245019155924,5499.0,False,True,True,False,False,True,False,False,False,True,False,False,True,False,False,False,False,True,False,False,False,False,False,True,False,False,False,False,False,True,False,False,False,False,False,False
-0.7085958764076113,-0.7109087497863971,-0.9849715439329279,-1.0368826213538904,-0.5755113280633202,-1.257506850833419,-1.2451219726346943,3.030950898931403,2.802012712380115,7099.0,True,False,True,False,False,True,False,False,False,True,False,False,True,False,False,False,False,True,False,False,False,False,False,True,False,False,False,False,False,False,False,True,False,False,False,False
-0.7085958764076113,-0.7109087497863971,-0.9849715439329279,-1.2274839727331381,-0.7199469398808848,-0.6653141055737468,-0.8902207846853871,0.8857402750268095,0.9096245019155924,6649.0,False,True,True,False,False,True,False,False,False,True,False,False,True,False,False,False,False,True,False,False,False,False,False,True,False,False,False,False,False,True,False,False,False,False,False,False
-0.7085958764076113,-0.7109087497863971,-0.9849715439329279,-1.188978649222179,-0.7199469398808848,-0.6653141055737468,-0.8902207846853871,0.8857402750268095,0.9096245019155924,6849.0,False,True,True,False,True,False,False,False,False,True,False,False,True,False,False,False,False,True,False,False,False,False,False,True,False,False,False,False,False,True,False,False,False,False,False,False
-0.7085958764076113,-0.3127665557852613,-0.9849715439329279,-1.0234057581250549,-0.7199469398808848,-0.6653141055737468,-0.8902207846853871,0.8857402750268095,0.9096245019155924,7349.0,False,True,True,False,True,False,False,False,False,False,True,False,True,False,False,False,False,True,False,False,False,False,False,True,False,False,False,False,False,True,False,False,False,False,False,False
-0.7085958764076113,-0.7109087497863971,-0.9849715439329279,-1.1639501889400556,-0.7199469398808848,-0.6653141055737468,-0.8902207846853871,0.8857402750268095,0.9096245019155924,7299.0,False,True,True,False,False,True,False,False,False,True,False,False,True,False,False,False,False,True,False,False,False,False,False,True,False,False,False,False,False,True,False,False,False,False,False,False
-0.7085958764076113,-0.6865326970924512,-0.9849715439329279,-1.015704693422863,-0.7199469398808848,-0.6653141055737468,-0.8902207846853871,0.8857402750268095,0.9096245019155924,7799.0,False,True,True,False,False,True,False,False,True,False,False,False,True,False,False,False,False,True,False,False,False,False,False,True,False,False,False,False,False,True,False,False,False,False,False,False
-0.7085958764076113,-0.7109087497863971,-0.9849715439329279,-1.1254448654290965,-0.7199469398808848,-0.6653141055737468,-0.8902207846853871,0.8857402750268095,0.9096245019155924,7499.0,False,True,True,False,True,False,False,False,False,True,False,False,True,False,False,False,False,True,False,False,False,False,False,True,False,False,False,False,False,True,False,False,False,False,False,False
-0.7085958764076113,-0.3127665557852613,-0.9849715439329279,-0.9983772978429314,-0.7199469398808848,-0.6653141055737468,-0.8902207846853871,0.8857402750268095,0.9096245019155924,7999.0,False,True,True,False,True,False,False,False,False,False,True,False,True,False,False,False,False,True,False,False,False,False,False,True,False,False,False,False,False,True,False,False,False,False,False,False
-0.6087135789080294,-0.9465439258278872,-0.9849715439329279,-1.054210016933822,-0.7199469398808848,-0.6653141055737468,-0.8902207846853871,0.8857402750268095,0.9096245019155924,8249.0,False,True,True,False,False,True,False,True,False,False,False,False,True,False,False,False,False,True,False,False,False,False,False,True,False,False,False,False,False,True,False,False,False,False,False,False
-0.25912553765948787,-0.052755327049823095,-0.33075531364190436,-0.44582590546066814,-0.16627709458022064,0.0009027328433861145,-0.180418408786773,0.2728229539112114,0.4729195302699334,8949.0,False,True,True,False,True,False,False,False,True,False,False,False,True,False,False,False,False,True,False,False,False,False,False,True,False,False,False,False,False,True,False,False,False,False,False,False
-0.25912553765948787,-0.052755327049823095,-0.33075531364190436,-0.4881817613227232,-0.16627709458022064,0.0009027328433861145,-0.180418408786773,0.2728229539112114,0.4729195302699334,9549.0,False,True,True,False,True,False,False,False,False,True,False,False,True,False,False,False,False,True,False,False,False,False,False,True,False,False,False,False,False,True,False,False,False,False,False,False
0.27358004900495464,0.6216487974827147,0.2767311859140422,1.0385543158868056,1.302151625565019,0.3710231986306822,1.2138362581569333,-1.2594703488777836,-1.273900356312703,13499.0,False,True,True,False,True,False,False,False,False,True,False,False,True,False,False,False,False,False,False,True,False,False,False,False,True,False,False,False,False,False,False,False,False,True,False,False
0.27358004900495464,0.8572839735242048,0.2767311859140422,1.4255328171719446,1.302151625565019,0.3710231986306822,1.2138362581569333,-1.2594703488777836,-1.273900356312703,14399.0,False,True,True,False,True,False,False,False,False,False,True,False,True,False,False,False,False,False,False,True,False,False,False,False,True,False,False,False,False,False,False,False,False,True,False,False
0.27358004900495464,0.8572839735242048,0.2767311859140422,0.9711699997426271,1.302151625565019,0.3710231986306822,1.2138362581569333,-0.9530116883199847,-0.8371953846670438,13499.0,False,True,True,False,True,False,False,False,False,True,False,False,True,False,False,False,False,False,False,True,False,False,False,False,True,False,False,False,False,False,False,False,False,True,False,False
-1.2413014630720538,-0.27213980129534926,0.9309474162050657,0.9923479276736545,1.302151625565019,0.3710231986306822,1.4166369369851088,-0.9530116883199847,-0.8371953846670438,17199.0,False,True,True,False,False,True,False,False,True,False,False,False,False,True,False,False,False,False,False,True,False,False,False,False,True,False,False,False,False,False,False,False,False,True,False,False
-1.2413014630720538,-0.27213980129534926,0.9309474162050657,1.1232660276109157,1.302151625565019,0.3710231986306822,2.430640331125986,-1.2594703488777836,-1.1283320324308166,19699.0,False,True,False,True,False,True,False,False,True,False,False,False,False,True,False,False,False,False,False,True,False,False,False,False,True,False,False,False,False,False,False,False,False,True,False,False
0.07381545400578841,0.36163756874727887,0.9309474162050657,1.1232660276109157,1.302151625565019,0.3710231986306822,1.4166369369851088,-0.9530116883199847,-0.8371953846670438,18399.0,False,True,True,False,False,True,False,False,True,False,False,False,False,True,False,False,False,False,False,True,False,False,False,False,True,False,False,False,False,False,False,False,False,True,False,False
1.5221087677497407,1.0279163423818347,1.1645960698804303,0.8941593527207089,-0.16627709458022064,0.4820593383668702,-0.180418408786773,-0.9530116883199847,-0.9827637085489301,11900.0,False,True,True,False,True,False,False,False,False,True,False,False,False,True,False,False,True,False,False,False,False,False,False,True,False,False,False,False,False,False,False,False,False,True,False,False
1.5221087677497407,1.0279163423818347,1.1645960698804303,1.234931465792697,0.6040461684467903,1.3703484562563808,-0.23111857849381687,0.42605228419011093,0.32735120638804704,13200.0,True,False,False,True,True,False,False,False,False,True,False,False,False,True,False,False,True,False,False,False,False,False,False,True,False,False,False,False,False,False,False,True,False,False,False,False
2.5708728914953607,2.019209151935689,1.1645960698804303,1.2984652495857796,-0.16627709458022064,0.4820593383668702,-0.180418408786773,-0.9530116883199847,-0.9827637085489301,12440.0,False,True,True,False,True,False,False,False,False,False,True,False,False,True,False,False,True,False,False,False,False,False,False,True,False,False,False,False,False,False,False,False,False,True,False,False
2.5708728914953607,2.019209151935689,1.1645960698804303,1.6835184846953706,0.6040461684467903,1.3703484562563808,-0.23111857849381687,-0.03363570664658759,-0.8371953846670438,13860.0,True,False,False,True,True,False,False,False,False,False,True,False,False,True,False,False,True,False,False,False,False,False,False,True,False,False,False,False,False,False,False,True,False,False,False,False
1.5221087677497407,1.0279163423818347,1.1645960698804303,1.0000489923758464,-0.16627709458022064,0.4820593383668702,-0.23111857849381687,-0.9530116883199847,-0.9827637085489301,15580.0,False,True,True,False,True,False,False,False,False,True,False,False,False,True,False,False,True,False,False,False,False,False,False,True,False,False,False,False,False,False,False,False,False,True,False,False
1.5221087677497407,1.0279163423818347,1.1645960698804303,1.3408211054478345,0.6040461684467903,1.3703484562563808,-0.23111857849381687,0.42605228419011093,0.32735120638804704,16900.0,True,False,False,True,True,False,False,False,False,True,False,False,False,True,False,False,True,False,False,False,False,False,False,True,False,False,False,False,False,False,False,True,False,False,False,False
2.5708728914953607,2.019209151935689,1.1645960698804303,1.404354889240917,-0.16627709458022064,0.4820593383668702,-0.23111857849381687,-0.9530116883199847,-0.9827637085489301,16695.0,False,True,True,False,True,False,False,False,False,False,True,False,False,True,False,False,True,False,False,False,False,False,False,True,False,False,False,False,False,False,False,False,False,True,False,False
2.5708728914953607,2.019209151935689,1.1645960698804303,1.7894081243505082,0.6040461684467903,1.3703484562563808,-0.23111857849381687,-0.03363570664658759,-0.8371953846670438,17075.0,True,False,False,True,True,False,False,False,False,False,True,False,False,True,False,False,True,False,False,False,False,False,False,True,False,False,False,False,False,False,False,True,False,False,False,False
1.5221087677497407,1.0279163423818347,1.1645960698804303,1.0000489923758464,-0.16627709458022064,0.4820593383668702,-0.180418408786773,-0.9530116883199847,-0.9827637085489301,16630.0,False,True,True,False,True,False,False,False,False,True,False,False,False,True,False,False,True,False,False,False,False,False,False,True,False,False,False,False,False,False,False,False,False,True,False,False
1.5221087677497407,1.0279163423818347,1.1645960698804303,1.3408211054478345,0.6040461684467903,1.3703484562563808,-0.23111857849381687,0.42605228419011093,0.32735120638804704,17950.0,True,False,False,True,True,False,False,False,False,True,False,False,False,True,False,False,True,False,False,False,False,False,False,True,False,False,False,False,False,False,False,True,False,False,False,False
1.5387558173330036,1.0279163423818347,1.1178663391453534,1.1059386320309839,0.17073933299409666,1.0372400370478136,0.960335409621714,-1.1062410185988842,-0.9827637085489301,18150.0,False,True,False,True,True,False,False,False,False,True,False,False,False,True,False,False,True,False,False,False,False,False,False,True,False,False,False,False,False,False,False,False,False,True,False,False
-0.8417722730737214,-1.360936821624989,-0.9849715439329279,-1.2274839727331381,-0.8884551536680434,-1.3315309439908782,-0.9155708695389091,1.8051162567002066,1.4918977974431378,5572.0,False,True,True,False,False,True,False,False,True,False,False,False,True,False,False,False,False,True,False,False,False,False,False,True,False,False,False,False,False,True,False,False,False,False,False,False
-0.8417722730737214,-1.360936821624989,-0.9849715439329279,-0.8231780758680675,-0.6958743379112906,-1.1094586645185023,-0.05366798451916333,-0.18686503692548712,-0.10935376525761202,7957.0,False,True,False,True,False,True,False,False,True,False,False,False,True,False,False,False,False,True,False,False,False,False,False,True,False,False,False,False,False,False,False,False,False,False,True,False
-0.8417722730737214,-1.360936821624989,-0.9849715439329279,-1.1331459301312883,-0.8884551536680434,-1.3315309439908782,-0.9155708695389091,0.8857402750268095,1.0551928257974788,6229.0,False,True,True,False,True,False,False,False,True,False,False,False,True,False,False,False,False,True,False,False,False,False,False,True,False,False,False,False,False,True,False,False,False,False,False,False
-0.8417722730737214,-0.548401731826749,-0.9849715439329279,-1.0907900742692331,-0.8884551536680434,-1.3315309439908782,-0.9155708695389091,0.8857402750268095,1.0551928257974788,6692.0,False,True,True,False,True,False,False,False,False,True,False,False,True,False,False,False,False,True,False,False,False,False,False,True,False,False,False,False,False,True,False,False,False,False,False,False
-0.8417722730737214,-0.548401731826749,-0.9849715439329279,-0.7018863068085462,-0.6958743379112906,-1.3315309439908782,-0.9155708695389091,0.8857402750268095,1.0551928257974788,7609.0,False,True,True,False,True,False,False,False,False,True,False,False,True,False,False,False,False,True,False,False,False,False,False,True,False,False,False,False,False,True,False,False,False,False,False,False
0.7563444869196039,0.04474888372596479,-0.6111336980523459,-0.039594742420049546,-0.11813189064103245,0.07492682600084534,-0.4085691724684704,-0.18686503692548712,-0.10935376525761202,8921.0,False,True,True,False,True,False,False,False,False,False,True,False,True,False,False,False,False,True,False,False,False,False,False,True,False,False,False,False,False,True,False,False,False,False,False,False
-0.475537182241917,-0.06900602884578928,0.18327172444389506,0.5052555852600219,0.7003365763251667,0.9632159438903544,1.03638566418228,-0.9530116883199847,-0.9827637085489301,12764.0,False,True,False,True,False,True,False,False,True,False,False,False,False,True,False,False,False,True,False,False,False,False,False,True,False,False,False,False,False,False,False,False,False,False,True,False
-0.7085958764076113,-0.4183961174590311,1.1178663391453534,0.4282449382381036,0.5799735664771962,2.2586375741458897,0.985685494475236,-0.9530116883199847,-0.5460587369032711,22018.0,False,True,True,False,False,True,False,False,True,False,False,False,False,True,False,False,False,True,False,False,False,False,False,True,False,False,False,False,False,False,False,False,False,True,False,False
-1.5409483555708021,-0.4183961174590311,-0.4242147751120515,0.38588908237604863,1.6150954511697422,1.5183966425712994,2.60809092510064,-1.2594703488777836,-0.8371953846670438,32528.0,False,True,True,False,False,True,False,True,False,False,False,False,False,True,False,False,False,False,True,False,False,False,False,False,True,False,False,False,False,False,False,False,False,True,False,False
-1.5409483555708021,-0.4183961174590311,-0.4242147751120515,0.38588908237604863,1.6150954511697422,1.5183966425712994,2.60809092510064,-1.2594703488777836,-0.8371953846670438,34028.0,False,True,True,False,False,True,False,True,False,False,False,False,False,True,False,False,False,False,True,False,False,False,False,False,True,False,False,False,False,False,False,False,False,True,False,False
-1.5409483555708021,-0.4183961174590311,-0.4242147751120515,0.47060079410015865,1.6150954511697422,1.5183966425712994,2.60809092510064,-1.2594703488777836,-0.8371953846670438,37028.0,False,True,True,False,False,True,True,False,False,False,False,False,False,True,False,False,False,False,True,False,False,False,False,False,True,False,False,False,False,False,False,False,False,True,False,False
-0.05936094266032163,0.13412774360377072,2.98705556854827,1.5603014494603014,1.831748868896089,2.2586375741458897,4.661447798235916,-1.2594703488777836,-0.4004904130213847,31400.5,False,True,True,False,False,True,False,False,True,False,False,False,False,True,False,True,False,False,False,False,False,True,False,False,False,False,False,False,False,False,False,False,False,True,False,False
-0.44224308307539123,0.6053980956867508,0.2767311859140422,0.0451169693040605,0.12259412905490848,0.4820593383668702,-0.3578690027614265,-0.3400943672043866,0.03621455862427433,9295.0,False,True,True,False,True,False,False,False,False,False,True,False,True,False,False,False,False,True,False,False,False,False,False,True,False,False,False,False,False,False,False,False,False,True,False,False
-0.44224308307539123,0.22350660348157897,0.3234609166491125,-0.18398970558614622,0.12259412905490848,0.4820593383668702,-0.3578690027614265,-0.3400943672043866,0.03621455862427433,9895.0,False,True,True,False,False,True,False,False,True,False,False,False,True,False,False,False,False,True,False,False,False,False,False,True,False,False,False,False,False,False,False,False,False,True,False,False
0.057168404422523175,1.0197909914838528,0.2767311859140422,0.19721299717234897,-0.14220449261062654,0.7781557109967071,0.14913269430901213,-0.6465530277621856,-0.4004904130213847,11850.0,False,True,True,False,False,True,False,False,True,False,False,False,True,False,False,False,False,True,False,False,False,False,False,True,False,False,False,False,False,False,False,False,False,True,False,False
0.057168404422523175,1.0197909914838528,0.2767311859140422,0.2684478456676233,-0.14220449261062654,0.7781557109967071,0.14913269430901213,-0.6465530277621856,-0.4004904130213847,12170.0,False,True,True,False,True,False,False,False,False,True,False,False,True,False,False,False,False,True,False,False,False,False,False,True,False,False,False,False,False,False,False,False,False,True,False,False
0.057168404422523175,1.0197909914838528,0.2767311859140422,0.2915510397741988,-0.14220449261062654,-2.9230489468762504,0.14913269430901213,-0.6465530277621856,-0.4004904130213847,15040.0,False,True,True,False,False,True,False,False,True,False,False,False,True,False,False,False,False,True,False,False,False,False,False,True,False,False,False,False,False,False,False,False,False,True,False,False
0.057168404422523175,1.0197909914838528,0.2767311859140422,0.3897396147271445,-0.14220449261062654,0.7781557109967071,0.14913269430901213,-0.6465530277621856,-0.4004904130213847,15510.0,False,True,True,False,True,False,False,False,False,True,False,False,True,False,False,False,False,True,False,False,False,False,False,True,False,False,False,False,False,False,False,False,False,True,False,False
0.057168404422523175,1.0197909914838528,0.2767311859140422,0.48600292350454233,-0.14220449261062654,0.7781557109967071,1.4166369369851088,-0.9530116883199847,-0.6916270607851575,18150.0,False,True,False,True,False,True,False,False,True,False,False,False,True,False,True,False,False,False,False,False,False,False,False,True,False,False,False,False,False,False,False,False,False,True,False,False
0.057168404422523175,1.0197909914838528,0.2767311859140422,0.5610883043509126,-0.14220449261062654,0.7781557109967071,1.4166369369851088,-0.9530116883199847,-0.6916270607851575,18620.0,False,True,False,True,True,False,False,False,False,True,False,False,True,False,True,False,False,False,False,False,False,False,False,True,False,False,False,False,False,False,False,False,False,True,False,False
-0.8417722730737214,-1.393438225216919,-1.1718904668732189,-0.9733488375608079,-0.7199469398808848,1.074252083626544,-0.8902207846853871,0.8857402750268095,0.7640561780337061,5118.0,False,True,True,False,False,True,False,False,True,False,False,False,True,False,False,False,False,False,True,False,False,False,False,True,False,False,False,False,False,True,False,False,False,False,False,False
-0.8417722730737214,-1.3121847162370952,-1.0784310054030717,-0.838580205272451,-0.45514831821534973,1.074252083626544,-0.7888204452712995,0.11959362363231192,0.03621455862427433,7053.0,False,True,True,False,False,True,False,False,True,False,False,False,True,False,False,False,False,False,True,False,False,False,False,True,False,False,False,False,False,True,False,False,False,False,False,False
-0.9083604714067776,-1.360936821624989,-0.9849715439329279,-0.6075482642066964,-0.45514831821534973,1.074252083626544,-0.7888204452712995,0.11959362363231192,0.03621455862427433,7603.0,False,True,True,False,False,True,False,False,True,False,False,True,False,False,False,False,False,False,True,False,False,False,False,True,False,False,False,False,False,True,False,False,False,False,False,False
-0.25912553765948787,-0.16651023962157716,-0.2372958521717572,-0.7904485508837522,-0.45514831821534973,1.074252083626544,-0.5606696815896021,1.038969605305709,0.9096245019155924,7126.0,False,True,True,False,True,False,False,False,False,True,False,False,True,False,False,False,False,False,True,False,False,False,False,True,False,False,False,False,False,True,False,False,False,False,False,False
-0.25912553765948787,-0.16651023962157716,-0.2372958521717572,-0.7038115729840941,-0.45514831821534973,1.074252083626544,-0.5606696815896021,0.42605228419011093,0.32735120638804704,7775.0,False,True,True,False,True,False,False,False,False,True,False,False,True,False,False,False,False,False,True,False,False,False,False,True,False,False,False,False,False,True,False,False,False,False,False,False
-0.25912553765948787,-0.16651023962157716,-0.2372958521717572,-0.4150216466519009,-0.45514831821534973,1.074252083626544,-0.2564686633473388,0.11959362363231192,0.18178288250616068,9960.0,False,True,True,False,True,False,False,False,False,True,False,False,True,False,False,False,False,False,True,False,False,False,False,True,False,False,False,False,False,False,False,False,False,True,False,False
-0.29241963682601596,-0.16651023962157716,-0.2372958521717572,-0.32838466875224287,-0.45514831821534973,1.074252083626544,-0.5606696815896021,-0.18686503692548712,-0.8371953846670438,9233.0,False,True,True,False,True,False,False,False,False,True,False,True,False,False,False,False,False,False,True,False,False,False,False,True,False,False,False,False,False,True,False,False,False,False,False,False
-0.29241963682601596,-0.16651023962157716,-0.2372958521717572,-0.08772639680874843,-0.45514831821534973,1.074252083626544,0.17448277916253407,-0.18686503692548712,-0.2549220891394984,11259.0,False,True,False,True,True,False,False,False,False,True,False,True,False,False,False,False,False,False,True,False,False,False,False,True,False,False,False,False,False,False,False,False,False,True,False,False
-0.29241963682601596,-0.04462997615184115,-0.2372958521717572,-0.5112849554292986,-0.45514831821534973,1.074252083626544,-0.5606696815896021,0.42605228419011093,0.18178288250616068,7463.0,False,True,True,False,True,False,False,False,False,False,True,False,True,False,False,False,False,False,True,False,False,False,False,True,False,False,False,False,False,True,False,False,False,False,False,False
-0.29241963682601596,-0.04462997615184115,-0.2372958521717572,-0.19361603646388598,-0.45514831821534973,1.074252083626544,-0.2564686633473388,-0.03363570664658759,0.03621455862427433,10198.0,False,True,True,False,True,False,False,False,False,False,True,False,True,False,False,False,False,False,True,False,False,False,False,True,False,False,False,False,False,False,False,False,False,True,False,False
-0.30906668640927887,-0.03650462525385922,-0.2372958521717572,-0.2610003526080644,-0.45514831821534973,1.074252083626544,-0.5606696815896021,-0.3400943672043866,-0.2549220891394984,8013.0,False,True,True,False,True,False,False,False,False,False,True,True,False,False,False,False,False,False,True,False,False,False,False,True,False,False,False,False,False,True,False,False,False,False,False,False
-0.30906668640927887,-0.03650462525385922,-0.2372958521717572,0.18181086776796535,-0.45514831821534973,1.074252083626544,0.17448277916253407,-0.3400943672043866,-1.1283320324308166,11694.0,False,True,False,True,True,False,False,False,False,False,True,True,False,False,False,False,False,False,True,False,False,False,False,True,False,False,False,False,False,False,False,False,False,True,False,False
-0.5088312814084451,-1.2471819090532372,-1.0784310054030717,-1.0984911389714251,-0.8403099497288552,-1.0354345713610429,-1.0676713786600407,1.4986575961424076,1.200761149679365,5348.0,False,True,True,False,False,True,False,False,True,False,False,False,True,False,False,False,False,True,False,False,False,False,False,True,False,False,False,False,False,True,False,False,False,False,False,False
-0.5088312814084451,-1.2471819090532372,-1.0784310054030717,-0.9926014993162875,-0.8403099497288552,-1.0354345713610429,-1.0676713786600407,0.8857402750268095,1.0551928257974788,6338.0,False,True,True,False,False,True,False,False,True,False,False,False,True,False,False,False,False,True,False,False,False,False,False,True,False,False,False,False,False,True,False,False,False,False,False,False
-0.5088312814084451,-1.2471819090532372,-1.0784310054030717,-1.0407331537049864,-0.8403099497288552,-1.0354345713610429,-1.0676713786600407,0.8857402750268095,1.0551928257974788,6488.0,False,True,True,False,True,False,False,False,True,False,False,False,True,False,False,False,False,True,False,False,False,False,False,True,False,False,False,False,False,True,False,False,False,False,False,False
-0.5088312814084451,-0.3533933102751733,-1.0784310054030717,-0.5305376171847782,-0.8403099497288552,-1.0354345713610429,-1.0676713786600407,0.8857402750268095,0.9096245019155924,6918.0,False,True,True,False,True,False,False,False,False,False,True,False,True,False,False,False,False,True,False,False,False,False,False,True,False,False,False,False,False,True,False,False,False,False,False,False
-0.5088312814084451,-0.3533933102751733,-1.0784310054030717,-0.5112849554292986,-0.8403099497288552,-1.0354345713610429,-1.0676713786600407,0.2728229539112114,0.18178288250616068,7898.0,False,True,True,False,True,False,False,False,False,False,True,True,False,False,False,False,False,True,False,False,False,False,False,True,False,False,False,False,False,True,False,False,False,False,False,False
-0.5088312814084451,-0.3533933102751733,-1.0784310054030717,1.067433308520025,-0.8403099497288552,-1.0354345713610429,-1.0676713786600407,0.2728229539112114,0.18178288250616068,8778.0,False,True,True,False,True,False,False,False,False,False,True,True,False,False,False,False,False,True,False,False,False,False,False,True,False,False,False,False,False,True,False,False,False,False,False,False
-0.5088312814084451,-0.6296552408065731,-0.7045931595224864,-0.9136655861188213,-0.6958743379112906,-0.5172659192588284,-0.8648706998318653,0.73251094474791,0.9096245019155924,6938.0,False,True,True,False,True,False,False,False,False,True,False,False,True,False,False,False,False,True,False,False,False,False,False,True,False,False,False,False,False,True,False,False,False,False,False,False
-0.5088312814084451,-0.6296552408065731,-0.7045931595224864,-0.8597581332034786,-0.6958743379112906,-0.5172659192588284,-0.8648706998318653,0.73251094474791,0.9096245019155924,7198.0,False,True,True,False,True,False,False,False,True,False,False,False,True,False,False,False,False,True,False,False,False,False,False,True,False,False,False,False,False,True,False,False,False,False,False,False
-0.5088312814084451,-0.6296552408065731,-0.7045931595224864,-0.540163948062518,-0.40700311427616154,-0.22116954662899155,-1.2197718877811723,1.345428265863508,0.7640561780337061,7898.0,True,False,True,False,True,False,False,False,False,True,False,False,True,False,False,False,False,True,False,False,False,False,False,True,False,False,False,False,False,False,False,True,False,False,False,False
-0.5088312814084451,-0.6296552408065731,-0.7045931595224864,-0.540163948062518,-0.40700311427616154,-0.22116954662899155,-1.2197718877811723,1.958345586979106,2.365307740734456,7788.0,True,False,True,False,True,False,False,False,True,False,False,False,True,False,False,False,False,True,False,False,False,False,False,True,False,False,False,False,False,False,False,True,False,False,False,False
-0.5088312814084451,-0.6296552408065731,-0.7045931595224864,-0.888637125836698,-0.6958743379112906,-0.5172659192588284,-0.8648706998318653,1.958345586979106,2.365307740734456,7738.0,False,True,True,False,True,False,False,False,False,True,False,False,True,False,False,False,False,True,False,False,False,False,False,True,False,False,False,False,False,True,False,False,False,False,False,False
-0.5088312814084451,-0.6296552408065731,-0.7045931595224864,-0.8347296729213551,-0.6958743379112906,-0.5172659192588284,-0.8648706998318653,0.42605228419011093,0.4729195302699334,8358.0,False,True,True,False,True,False,False,False,True,False,False,False,True,False,False,False,False,True,False,False,False,False,False,True,False,False,False,False,False,True,False,False,False,False,False,False
-0.5088312814084451,-0.6296552408065731,-0.7045931595224864,-0.800074881761492,-0.6958743379112906,-0.5172659192588284,-0.8648706998318653,0.42605228419011093,0.4729195302699334,9258.0,False,True,True,False,True,False,False,False,False,True,False,False,True,False,False,False,False,True,False,False,False,False,False,True,False,False,False,False,False,True,False,False,False,False,False,False
-0.7085958764076113,-0.4346468192549973,-0.8915120824627807,-0.7442421626706013,-0.6958743379112906,-0.5172659192588284,-0.8648706998318653,0.5792816144690105,0.4729195302699334,8058.0,False,True,True,False,False,True,False,False,False,True,False,False,False,True,False,False,False,True,False,False,False,False,False,True,False,False,False,False,False,True,False,False,False,False,False,False
-0.7085958764076113,-0.4346468192549973,-0.8915120824627807,-0.6768578465264228,-0.6958743379112906,-0.5172659192588284,-0.8648706998318653,0.5792816144690105,0.4729195302699334,8238.0,False,True,True,False,False,True,False,False,True,False,False,False,False,True,False,False,False,True,False,False,False,False,False,True,False,False,False,False,False,True,False,False,False,False,False,False
-0.7085958764076113,-0.4346468192549973,-0.8915120824627807,-0.5594166098179976,-0.6958743379112906,-0.33220568636517955,0.19983286401605602,0.11959362363231192,-0.2549220891394984,9298.0,False,True,True,False,False,True,False,False,False,True,False,False,False,True,True,False,False,False,False,False,False,False,False,True,False,False,False,False,False,False,False,False,False,True,False,False
-0.7085958764076113,-0.4346468192549973,-0.8915120824627807,-0.49203229367381907,-0.6958743379112906,-0.33220568636517955,0.19983286401605602,0.11959362363231192,-0.2549220891394984,9538.0,False,True,True,False,False,True,False,False,True,False,False,False,False,True,True,False,False,False,False,False,False,False,False,True,False,False,False,False,False,False,False,False,False,True,False,False
-0.05936094266032163,0.17475449809368274,-0.1438363907016167,-0.029968411542309767,0.4596105566292258,1.074252083626544,0.30123320343014376,-0.18686503692548712,-0.10935376525761202,8449.0,False,True,True,False,False,True,False,True,False,False,False,False,False,True,False,False,False,True,False,False,False,False,False,True,False,False,False,False,False,False,False,False,False,True,False,False
-0.05936094266032163,0.17475449809368274,-0.1438363907016167,-0.037669476244501586,0.4596105566292258,1.074252083626544,0.30123320343014376,-0.18686503692548712,-0.10935376525761202,9639.0,False,True,True,False,False,True,False,True,False,False,False,False,False,True,False,False,False,True,False,False,False,False,False,True,False,False,False,False,False,False,False,False,False,True,False,False
-0.05936094266032163,0.17475449809368274,-0.1438363907016167,-0.008790483611282257,0.4596105566292258,1.074252083626544,0.30123320343014376,-0.18686503692548712,-0.10935376525761202,9989.0,False,True,True,False,False,True,False,False,True,False,False,False,False,True,False,False,False,True,False,False,False,False,False,True,False,False,False,False,False,False,False,False,False,True,False,False
-0.05936094266032163,0.17475449809368274,-0.1438363907016167,0.23764358685885603,0.4596105566292258,1.074252083626544,0.30123320343014376,-0.18686503692548712,-0.10935376525761202,11199.0,False,True,True,False,False,True,False,True,False,False,False,False,False,True,False,False,False,True,False,False,False,False,False,True,False,False,False,False,False,False,False,False,False,True,False,False
-0.05936094266032163,0.17475449809368274,-0.1438363907016167,0.3050279030030345,0.4596105566292258,1.074252083626544,0.30123320343014376,-0.18686503692548712,-0.10935376525761202,11549.0,False,True,True,False,False,True,False,False,True,False,False,False,False,True,False,False,False,True,False,False,False,False,False,True,False,False,False,False,False,False,False,False,False,True,False,False
-0.05936094266032163,0.17475449809368274,-0.1438363907016167,0.8075223748210508,0.4596105566292258,1.074252083626544,0.30123320343014376,-0.18686503692548712,-0.10935376525761202,17669.0,False,True,True,False,False,True,True,False,False,False,False,False,False,True,False,False,False,True,False,False,False,False,False,True,False,False,False,False,False,False,False,False,False,True,False,False
0.6065210406702309,0.12600239270578878,0.2767311859140422,-0.44197537310957224,-0.11813189064103245,-0.07312136031407311,-0.3071688330543827,0.5792816144690105,0.4729195302699334,8948.0,False,True,True,False,True,False,False,False,False,True,False,False,True,False,False,False,False,True,False,False,False,False,False,True,False,False,False,False,False,False,False,False,False,True,False,False
0.6065210406702309,0.12600239270578878,0.2767311859140422,-0.1454843820751871,-0.40700311427616154,-0.22116954662899155,-0.7888204452712995,0.73251094474791,0.32735120638804704,10698.0,True,False,False,True,True,False,False,False,False,True,False,False,True,False,False,False,False,True,False,False,False,False,False,True,False,False,False,False,False,False,False,True,False,False,False,False
0.6065210406702309,0.12600239270578878,0.2767311859140422,-0.27255194966135216,-0.11813189064103245,-0.07312136031407311,-0.3071688330543827,0.2728229539112114,0.18178288250616068,9988.0,False,True,True,False,True,False,False,False,True,False,False,False,True,False,False,False,False,True,False,False,False,False,False,True,False,False,False,False,False,False,False,False,False,True,False,False
0.6065210406702309,0.12600239270578878,0.2767311859140422,-0.27255194966135216,-0.11813189064103245,-0.07312136031407311,-0.3071688330543827,0.2728229539112114,0.18178288250616068,10898.0,False,True,True,False,True,False,False,False,False,True,False,False,True,False,False,False,False,True,False,False,False,False,False,True,False,False,False,False,False,False,False,False,False,True,False,False
0.6065210406702309,0.12600239270578878,0.2767311859140422,-0.1878402379372421,-0.11813189064103245,-0.07312136031407311,-0.3071688330543827,0.2728229539112114,0.18178288250616068,11248.0,False,True,True,False,True,False,False,False,True,False,False,False,True,False,False,False,False,True,False,False,False,False,False,True,False,False,False,False,False,False,False,False,False,True,False,False
0.68975628858655,0.7679051136463989,0.8374879547349185,0.8094476409965988,1.061425605869078,-0.22116954662899155,1.4419870218386308,-0.7997823580410852,-0.9827637085489301,16558.0,False,True,True,False,False,True,False,False,True,False,False,False,False,True,True,False,False,False,False,False,False,False,False,False,True,False,False,False,False,False,False,False,False,True,False,False
0.68975628858655,0.7679051136463989,0.8374879547349185,0.886458288018517,1.061425605869078,-0.22116954662899155,1.4419870218386308,-0.9530116883199847,-0.9827637085489301,15998.0,False,True,True,False,False,True,False,False,True,False,False,False,False,True,True,False,False,False,False,False,False,False,False,False,True,False,False,False,False,False,False,False,False,True,False,False
0.9561090819187701,1.117295202259643,0.2767311859140422,1.1078638982065319,1.061425605869078,-0.22116954662899155,1.3152365975710212,-0.7997823580410852,-0.9827637085489301,15690.0,False,True,True,False,True,False,False,False,False,True,False,False,False,True,True,False,False,False,False,False,False,False,False,False,True,False,False,False,False,False,False,False,False,True,False,False
0.9561090819187701,1.117295202259643,0.2767311859140422,1.146369221717491,0.8206995861731371,-0.22116954662899155,1.3152365975710212,-0.9530116883199847,-0.9827637085489301,15750.0,False,True,True,False,True,False,False,False,False,False,True,False,False,True,True,False,False,False,False,False,False,False,False,False,True,False,False,False,False,False,False,False,False,True,False,False
-0.24247848807622502,-0.19088629231552529,-0.19056612143668694,-0.5671176745201894,-0.7199469398808848,-1.1834827576759614,-1.32117222719526,1.8051162567002066,2.2197394168525695,7775.0,True,False,True,False,False,True,False,False,False,True,False,False,True,False,False,False,False,True,False,False,False,False,False,True,False,False,False,False,False,False,False,True,False,False,False,False
-0.24247848807622502,-0.19088629231552529,-0.19056612143668694,-0.667231515648683,-0.43107571624575564,-0.5172659192588284,-0.4846194270290362,0.2728229539112114,0.4729195302699334,7975.0,False,True,True,False,False,True,False,False,False,True,False,False,True,False,False,False,False,True,False,False,False,False,False,True,False,False,False,False,False,False,False,False,False,True,False,False
-0.24247848807622502,-0.19088629231552529,-0.19056612143668694,-0.5613418759935455,-0.7199469398808848,-1.1834827576759614,-1.32117222719526,1.8051162567002066,2.2197394168525695,7995.0,True,False,True,False,True,False,False,False,False,True,False,False,True,False,False,False,False,True,False,False,False,False,False,True,False,False,False,False,False,False,False,True,False,False,False,False
-0.24247848807622502,-0.19088629231552529,-0.19056612143668694,-0.6614557171220392,-0.43107571624575564,-0.5172659192588284,-0.4846194270290362,0.2728229539112114,0.4729195302699334,8195.0,False,True,True,False,True,False,False,False,False,True,False,False,True,False,False,False,False,True,False,False,False,False,False,True,False,False,False,False,False,False,False,False,False,True,False,False
-0.24247848807622502,-0.19088629231552529,-0.19056612143668694,-0.540163948062518,-0.43107571624575564,-0.5172659192588284,-0.4846194270290362,0.2728229539112114,0.4729195302699334,8495.0,False,True,True,False,True,False,False,False,False,True,False,False,True,False,False,False,False,True,False,False,False,False,False,True,False,False,False,False,False,False,False,False,False,True,False,False
-0.24247848807622502,-0.19088629231552529,-0.19056612143668694,-0.4554522363384079,-0.7199469398808848,-1.1834827576759614,-0.9155708695389091,1.8051162567002066,1.6374661213250241,9495.0,True,False,False,True,True,False,False,False,False,True,False,False,True,False,False,False,False,True,False,False,False,False,False,True,False,False,False,False,False,False,False,True,False,False,False,False
-0.24247848807622502,-0.19088629231552529,-0.19056612143668694,-0.49203229367381907,-0.43107571624575564,-0.5172659192588284,-0.1043681542262072,0.11959362363231192,0.18178288250616068,9995.0,False,True,True,False,True,False,False,False,False,True,False,False,True,False,False,False,False,True,False,False,False,False,False,True,False,False,False,False,False,False,False,False,False,True,False,False
-0.7085958764076113,-1.1984298036653411,-0.7980526209926335,-0.580594537749025,-0.43107571624575564,-0.5172659192588284,-0.3578690027614265,-0.18686503692548712,-0.2549220891394984,11595.0,False,True,True,False,False,True,True,False,False,False,False,False,True,False,False,False,False,True,False,False,False,False,False,True,False,False,False,False,False,False,False,False,False,True,False,False
-0.7085958764076113,-0.6784073461944693,-0.8915120824627807,-0.6441283215421075,-0.43107571624575564,-0.5172659192588284,-0.3578690027614265,-0.18686503692548712,-0.2549220891394984,9980.0,False,True,True,False,False,True,False,False,True,False,False,False,True,False,False,False,False,True,False,False,False,False,False,True,False,False,False,False,False,False,False,False,False,True,False,False
0.27358004900495464,0.49976853401297877,0.46365010885433655,0.20298879569899284,0.21888453693328483,-0.5172659192588284,0.14913269430901213,-0.9530116883199847,-0.9827637085489301,13295.0,False,True,True,False,True,False,False,False,False,True,False,False,True,False,False,False,False,True,False,False,False,False,True,False,False,False,False,False,False,False,False,False,False,True,False,False
0.27358004900495464,0.49976853401297877,0.46365010885433655,0.0451169693040605,-0.7199469398808848,-1.1834827576759614,-0.9155708695389091,1.1921989355846085,1.0551928257974788,13845.0,True,False,False,True,True,False,False,False,False,True,False,False,True,False,False,False,False,True,False,False,False,False,False,True,False,False,False,False,False,False,False,True,False,False,False,False
0.27358004900495464,0.7354037100544688,0.46365010885433655,0.014312710495293209,-0.43107571624575564,-0.5172659192588284,-0.4085691724684704,-0.03363570664658759,0.03621455862427433,12290.0,False,True,True,False,True,False,False,False,False,False,True,False,True,False,False,False,False,True,False,False,False,False,False,True,False,False,False,False,False,False,False,False,False,True,False,False
0.9228149827522419,1.198548711239467,0.603839301059554,0.6862306057615297,0.3392475467812553,1.6664448288862161,0.2505330337230999,-0.3400943672043866,-0.4004904130213847,12940.0,False,True,True,False,True,False,False,False,False,True,False,False,False,True,False,False,False,True,False,False,False,False,False,True,False,False,False,False,False,False,False,False,False,True,False,False
0.9228149827522419,1.198548711239467,0.603839301059554,0.9211130791783803,0.3392475467812553,1.6664448288862161,0.2505330337230999,-0.3400943672043866,-0.4004904130213847,13415.0,False,True,True,False,True,False,False,False,False,False,True,False,False,True,False,False,False,True,False,False,False,False,False,True,False,False,False,False,False,False,False,False,False,True,False,False
0.9228149827522419,1.198548711239467,0.603839301059554,0.7305117277991326,0.3392475467812553,1.6664448288862161,0.2505330337230999,-0.18686503692548712,-0.4004904130213847,15985.0,False,True,True,False,True,False,False,False,False,True,False,False,False,True,False,False,False,True,False,False,False,False,False,True,False,False,False,False,False,False,False,False,False,True,False,False
0.9228149827522419,1.198548711239467,0.603839301059554,0.9365152085827639,0.3392475467812553,1.6664448288862161,0.2505330337230999,-0.18686503692548712,-0.4004904130213847,16515.0,False,True,True,False,True,False,False,False,False,False,True,False,False,True,False,False,False,True,False,False,False,False,False,True,False,False,False,False,False,False,False,False,False,True,False,False
0.9228149827522419,1.198548711239467,0.603839301059554,0.9422910071094077,0.0744489251157203,1.074252083626544,1.4673371066921528,-1.2594703488777836,-1.273900356312703,18420.0,False,True,False,True,True,False,False,False,False,True,False,False,False,True,False,False,False,True,False,False,False,False,False,True,False,False,False,False,False,False,False,False,False,True,False,False
0.9228149827522419,1.198548711239467,0.603839301059554,1.1579208187707788,0.0744489251157203,1.074252083626544,1.4673371066921528,-1.2594703488777836,-1.273900356312703,18950.0,False,True,False,True,True,False,False,False,False,False,True,False,False,True,False,False,False,True,False,False,False,False,False,True,False,False,False,False,False,False,False,False,False,True,False,False
1.7218733627489047,1.198548711239467,1.3982447235557949,0.7632412527834479,0.3392475467812553,1.6664448288862161,0.2505330337230999,-0.3400943672043866,-0.4004904130213847,16845.0,False,True,True,False,True,False,False,False,False,True,False,False,False,True,False,False,False,True,False,False,False,False,False,True,False,False,False,False,False,False,False,False,False,True,False,False
1.7218733627489047,1.198548711239467,1.351514992820718,0.9499920718115996,0.3392475467812553,1.6664448288862161,1.4166369369851088,-0.9530116883199847,-0.8371953846670438,19045.0,False,True,False,True,True,False,False,False,False,True,False,False,False,True,False,False,False,True,False,False,False,False,False,True,False,False,False,False,False,False,False,False,False,True,False,False
1.7218733627489047,1.198548711239467,1.3982447235557949,0.8787572233163252,1.1095708098082662,0.9262038973116256,0.7575347307935386,-1.1062410185988842,-1.1283320324308166,21485.0,False,True,True,False,True,False,False,False,False,True,False,False,False,True,False,False,False,False,False,True,False,False,False,False,True,False,False,False,False,False,False,False,False,True,False,False
1.7218733627489047,1.198548711239467,1.3982447235557949,1.273436789303656,0.4355379546596317,-1.1834827576759614,0.0477323548949244,0.11959362363231192,-0.5460587369032711,22470.0,True,False,False,True,True,False,False,False,False,True,False,False,False,True,False,False,False,True,False,False,False,False,False,False,True,False,False,False,False,False,False,True,False,False,False,False
1.7218733627489047,1.198548711239467,1.3982447235557949,0.975020532093723,0.3392475467812553,1.6664448288862161,0.2505330337230999,-0.9530116883199847,-0.8371953846670438,22625.0,False,True,False,True,True,False,False,False,False,True,False,False,False,True,False,False,False,True,False,False,False,False,False,True,False,False,False,False,False,False,False,False,False,True,False,False
